Episode;SurvivalTime;TotalReward;Died;DamageEvents;DamageTaken;ShotsFired;Kills;HealthPickups;AmmoPickups
1;32.0;-9.66;1;4;100;2;1;1;0
2;29.5;-9.40;1;4;100;2;1;2;0
3;28.9;-9.24;1;4;100;1;1;1;1
4;17.6;-12.54;1;4;100;0;0;0;1
5;32.9;-5.96;1;4;100;2;2;1;1
6;23.0;-9.38;1;4;100;3;1;0;1
7;23.4;-12.34;1;4;100;0;0;2;0
8;15.9;-12.72;1;4;100;1;0;0;0
9;28.5;-3.34;1;4;100;4;3;1;0
10;22.6;-12.40;1;4;100;0;0;0;2
11;33.4;-6.14;1;4;100;2;2;1;1
12;16.8;-6.60;1;4;100;3;2;0;1
13;34.4;-2.88;1;4;100;4;3;1;1
14;22.0;-12.14;1;4;100;1;0;0;2
15;50.4;0.56;1;4;100;5;4;1;1
16;35.7;-11.63;1;6;130;2;0;3;2
17;32.4;-0.04;1;4;100;4;4;1;1
18;18.6;-9.46;1;4;100;2;1;0;0
19;29.5;-8.96;1;4;100;3;1;0;1
20;48.4;-2.68;1;6;150;5;3;4;2
21;32.6;-2.84;1;4;100;4;3;2;1
22;56.7;9.63;1;5;125;7;7;5;1
23;40.5;0.13;1;7;160;6;4;4;1
24;82.3;7.08;1;6;150;7;6;3;1
25;64.4;-4.80;1;4;100;2;2;6;4
26;32.8;0.10;1;4;100;5;4;0;2
27;32.6;-9.02;1;4;100;2;1;2;0
28;44.4;0.41;1;5;125;6;4;2;3
29;32.3;-9.04;1;4;100;2;1;1;3
30;53.4;9.94;1;4;100;8;7;1;2
31;11.1;-12.70;1;4;100;1;0;1;0
32;27.5;-2.96;1;4;100;4;3;1;2
33;29.2;-3.10;1;4;100;3;3;0;1
34;19.2;-9.40;1;4;100;2;1;1;0
35;41.3;0.66;1;4;100;4;4;1;3
36;72.9;10.47;1;5;125;11;7;1;5
37;32.0;-5.90;1;4;100;3;2;1;2
38;63.1;1.12;1;4;100;4;4;5;3
39;95.4;8.20;1;7;155;7;6;7;5
40;66.3;12.64;1;6;150;8;8;5;1
41;24.4;-12.28;1;4;100;0;0;2;1
42;34.1;0.00;1;4;100;5;4;0;2
43;22.3;-9.36;1;4;100;2;1;2;0
44;17.3;-9.52;1;4;100;2;1;0;0
45;24.0;-6.32;1;4;100;3;2;0;1
46;27.0;-6.20;1;4;100;3;2;0;2
47;17.0;-6.38;1;4;100;3;2;0;1
48;16.1;-9.58;1;4;100;2;1;0;0
49;76.9;6.83;1;7;175;7;6;6;1
50;66.0;12.30;1;7;160;9;8;2;3
51;16.8;-12.52;1;4;100;3;0;0;0
52;28.2;-3.00;1;4;100;4;3;1;2
53;23.8;-3.32;1;4;100;3;3;0;0
54;26.1;-0.53;1;5;125;5;4;1;0
55;39.7;5.91;1;5;125;6;6;1;1
56;56.0;6.68;1;4;100;6;6;3;0
57;39.8;-5.29;1;6;130;4;2;1;2
58;17.0;-9.50;1;4;100;3;1;0;1
59;31.8;-3.08;1;4;100;4;3;1;1
60;43.3;0.28;1;4;100;5;4;2;0
61;82.9;11.06;1;4;100;8;7;1;6
62;27.7;-9.16;1;4;100;2;1;1;2
63;19.2;-6.48;1;4;100;4;2;0;0
64;51.8;3.08;1;7;160;6;5;2;3
65;79.8;-1.28;1;4;100;4;3;3;6
66;24.9;-3.26;1;4;100;3;3;1;1
67;32.1;-0.10;1;4;100;6;4;1;0
68;42.8;0.38;1;4;100;5;4;1;2
69;63.1;0.82;1;4;100;6;4;5;3
70;25.2;-6.24;1;4;100;4;2;1;0
71;16.7;-9.54;1;4;100;3;1;0;1
72;44.7;-3.18;1;6;150;4;3;3;1
73;80.5;23.02;1;8;190;12;11;5;2
74;46.9;3.40;1;4;100;5;5;0;2
75;65.5;3.88;1;6;150;5;5;3;3
76;27.5;-3.18;1;4;100;4;3;3;0
77;72.8;10.43;1;7;160;11;7;3;2
78;26.4;-0.26;1;4;100;4;4;1;0
79;28.6;-5.98;1;4;100;4;2;1;1
80;55.5;3.10;1;6;150;6;5;3;1
81;42.8;0.13;1;5;125;5;4;4;1
82;33.3;-3.02;1;4;100;3;3;0;1
83;28.9;-9.16;1;4;100;3;1;1;2
84;30.1;-6.12;1;4;100;2;2;1;1
85;36.2;3.22;1;4;100;6;5;0;2
86;20.8;-3.40;1;4;100;5;3;1;0
87;33.5;-9.44;1;6;130;2;1;4;0
88;44.2;-5.50;1;4;100;4;2;2;2
89;40.5;-5.84;1;4;100;2;2;2;3
90;15.7;-6.56;1;4;100;3;2;0;0
91;26.9;-6.20;1;4;100;3;2;2;0
92;40.2;0.56;1;4;100;4;4;0;6
93;45.7;0.12;1;6;130;6;4;1;2
94;34.0;0.36;1;4;100;7;4;1;2
95;25.6;-2.90;1;4;100;5;3;1;2
96;42.5;-2.74;1;4;100;4;3;1;1
97;36.0;0.06;1;4;100;5;4;1;2
98;71.3;1.50;1;4;100;6;4;0;4
99;48.7;6.62;1;4;100;7;6;1;2
100;23.0;-3.32;1;4;100;4;3;1;0
101;27.8;-3.36;1;4;100;4;3;1;0
102;45.7;0.70;1;4;100;6;4;1;2
103;24.0;-6.34;1;4;100;3;2;0;1
104;31.9;-3.04;1;4;100;3;3;1;2
105;37.3;-5.68;1;4;100;3;2;1;4
106;31.0;-3.08;1;4;100;4;3;0;2
107;66.6;25.14;1;6;130;13;12;1;4
108;47.3;3.30;1;6;130;7;5;1;3
109;55.2;6.66;1;5;125;6;6;3;2
110;30.1;-9.10;1;4;100;1;1;1;1
111;46.8;2.98;1;6;130;6;5;3;0
112;35.5;-3.18;1;6;130;5;3;2;1
113;32.9;-6.06;1;4;100;3;2;2;1
114;34.9;0.22;1;4;100;6;4;0;2
115;47.0;3.15;1;5;125;6;5;2;0
116;14.4;-9.58;1;4;100;2;1;1;0
117;16.9;-6.52;1;4;100;3;2;1;0
118;84.6;8.10;1;4;100;8;6;4;5
119;23.1;-3.32;1;4;100;4;3;0;1
120;22.0;-9.34;1;4;100;2;1;0;2
121;54.5;12.71;1;5;125;9;8;4;2
122;36.0;2.97;1;5;125;7;5;1;2
123;39.1;-8.84;1;4;100;2;1;4;0
124;54.9;0.98;1;4;100;6;4;4;3
125;54.1;6.80;1;4;100;6;6;2;3
126;29.5;-3.42;1;6;130;5;3;2;2
127;75.8;6.75;1;7;175;7;6;5;1
128;33.4;-9.04;1;4;100;1;1;1;3
129;41.9;-6.01;1;5;125;4;2;3;2
130;28.8;-2.98;1;4;100;5;3;0;2
131;45.3;3.07;1;5;125;6;5;3;0
132;26.8;-0.24;1;4;100;5;4;0;1
133;114.7;14.50;1;8;185;11;8;4;7
134;22.7;-3.10;1;4;100;3;3;0;2
135;26.9;0.00;1;4;100;4;4;1;1
136;33.4;0.38;1;4;100;5;4;1;2
137;42.1;2.88;1;6;150;7;5;5;1
138;24.7;-3.28;1;4;100;3;3;0;0
139;56.1;0.13;1;7;155;6;4;2;2
140;50.2;-5.70;1;6;130;5;2;2;3
141;18.6;-6.50;1;4;100;4;2;1;1
142;42.9;6.62;1;4;100;8;6;0;2
143;68.5;10.11;1;5;125;11;7;3;4
144;21.6;-6.40;1;4;100;3;2;0;1
145;53.0;3.56;1;4;100;6;5;1;2
146;30.0;0.08;1;4;100;5;4;0;2
147;59.4;4.14;1;4;100;6;5;2;2
148;42.2;6.70;1;4;100;7;6;1;2
149;113.1;20.41;1;7;175;14;10;6;5
150;57.3;7.14;1;4;100;9;6;1;3
151;60.2;4.30;1;4;100;8;5;1;4
152;18.5;-9.48;1;4;100;2;1;1;0
153;29.8;-12.10;1;4;100;2;0;2;2
154;41.7;0.24;1;4;100;6;4;0;3
155;48.6;3.44;1;4;100;6;5;1;1
156;30.4;-2.90;1;4;100;3;3;1;3
157;38.2;3.46;1;4;100;7;5;2;2
158;19.3;-9.42;1;4;100;3;1;2;0
159;28.1;-6.20;1;4;100;2;2;0;2
160;23.7;-3.10;1;4;100;4;3;1;1
161;28.8;-0.89;1;7;155;6;4;3;0
162;24.2;-6.30;1;4;100;3;2;2;0
163;27.6;-9.20;1;4;100;2;1;2;0
164;45.9;-3.47;1;7;175;6;3;5;0
165;36.8;-5.96;1;4;100;4;2;1;0
166;26.5;-3.04;1;4;100;5;3;1;2
167;45.0;-2.64;1;4;100;4;3;4;2
168;19.5;-9.26;1;4;100;4;1;0;2
169;63.8;7.07;1;5;125;7;6;4;3
170;58.4;0.26;1;6;150;6;4;3;2
171;48.3;0.48;1;4;100;4;4;4;0
172;77.4;15.77;1;9;220;10;9;4;4
173;24.8;-6.26;1;4;100;3;2;1;0
174;34.3;-0.04;1;4;100;6;4;1;0
175;53.6;-1.94;1;4;100;6;3;1;3
176;31.1;-6.08;1;4;100;4;2;0;0
177;24.7;-9.30;1;4;100;2;1;1;2
178;70.8;18.91;1;7;175;12;10;4;3
179;27.9;-3.20;1;4;100;4;3;1;1
180;24.7;-6.24;1;4;100;3;2;1;2
181;34.7;0.04;1;4;100;4;4;2;1
182;27.8;-6.43;1;5;125;4;2;1;3
183;21.2;-6.40;1;4;100;3;2;0;0
184;53.0;3.71;1;5;125;6;5;4;3
185;39.2;-5.64;1;4;100;3;2;2;2
186;29.0;-0.22;1;4;100;4;4;0;2
187;74.2;-4.72;1;4;100;3;2;4;6
188;44.7;0.26;1;4;100;5;4;2;0
189;43.4;0.30;1;4;100;5;4;0;3
190;29.8;-6.12;1;4;100;2;2;1;1
191;37.0;3.57;1;6;130;7;5;2;1
192;37.1;0.14;1;4;100;4;4;2;0
193;22.5;-3.40;1;4;100;5;3;1;0
194;53.1;4.09;1;6;130;6;5;5;2
195;31.6;-9.12;1;4;100;2;1;2;2
196;44.4;3.70;1;4;100;7;5;1;2
197;56.6;0.90;1;4;100;4;4;1;3
198;39.3;0.54;1;4;100;5;4;4;3
199;38.0;-0.21;1;5;125;6;4;3;0
200;21.3;-6.18;1;4;100;4;2;0;2
201;55.0;9.62;1;4;100;7;7;4;1
202;17.4;-9.52;1;4;100;3;1;0;0
203;45.4;9.76;1;4;100;8;7;1;2
204;33.4;-6.04;1;4;100;3;2;3;2
205;53.5;0.58;1;4;100;4;4;4;2
206;22.3;-0.18;1;4;100;5;4;0;2
207;47.5;3.51;1;7;160;7;5;2;2
208;79.7;20.16;1;4;100;13;10;3;5
209;42.7;0.28;1;4;100;4;4;2;0
210;25.2;-3.04;1;4;100;4;3;1;2
211;34.4;-6.02;1;4;100;3;2;0;1
212;24.8;-9.10;1;4;100;2;1;1;1
213;54.7;6.78;1;4;100;7;6;1;5
214;93.6;31.92;1;7;160;16;14;3;6
215;28.2;-6.20;1;4;100;3;2;0;0
216;48.6;6.64;1;4;100;6;6;3;2
217;40.2;-5.80;1;4;100;3;2;2;1
218;27.4;-3.12;1;4;100;3;3;1;0
219;59.5;6.84;1;6;150;8;6;3;5
220;34.0;-0.02;1;4;100;6;4;1;1
221;60.4;7.35;1;6;130;10;6;2;2
222;33.9;3.02;1;4;100;6;5;0;0
223;40.8;0.20;1;4;100;4;4;0;1
224;51.8;6.70;1;4;100;7;6;1;2
225;32.8;-3.06;1;4;100;4;3;1;0
226;40.4;3.11;1;5;125;7;5;1;2
227;24.2;-12.26;1;4;100;2;0;1;0
228;26.7;-6.02;1;4;100;4;2;0;1
229;43.8;6.81;1;6;130;7;6;2;3
230;98.0;14.34;1;4;100;8;8;3;6
231;33.6;0.00;1;4;100;6;4;1;1
232;57.1;9.84;1;4;100;7;7;5;1
233;27.6;-9.24;1;4;100;4;1;3;1
234;35.8;-0.78;1;7;160;6;4;2;1
235;101.5;25.69;1;9;205;16;12;9;6
236;43.5;-5.66;1;4;100;2;2;1;3
237;45.9;-2.29;1;6;130;6;3;3;3
238;35.5;2.56;1;6;150;5;5;2;0
239;31.5;-0.06;1;4;100;5;4;1;2
240;48.6;-5.58;1;4;100;5;2;4;0
241;45.6;0.31;1;5;125;6;4;5;1
242;86.3;2.06;1;4;100;5;4;6;6
243;51.3;13.39;1;6;130;9;8;2;4
244;23.2;-5.99;1;6;130;3;2;2;0
245;34.0;3.02;1;4;100;6;5;2;1
246;31.7;-6.06;1;4;100;3;2;1;2
247;41.5;0.20;1;4;100;4;4;2;3
248;30.6;-6.14;1;4;100;3;2;0;1
249;52.8;19.12;1;4;100;10;10;3;4
250;47.6;2.96;1;6;130;6;5;2;0
251;40.8;0.24;1;4;100;5;4;2;0
252;38.4;-2.66;1;4;100;4;3;5;1
253;120.0;50.08;0;8;200;19;16;7;9
254;63.0;4.30;1;4;100;6;5;5;3
255;41.6;2.91;1;5;125;6;5;2;1
256;37.8;-0.19;1;5;125;6;4;1;0
257;49.4;3.48;1;4;100;6;5;3;0
258;38.1;6.12;1;4;100;6;6;2;0
259;47.2;15.62;1;8;160;9;9;3;1
260;74.7;15.56;1;7;160;9;9;5;1
261;35.8;-5.98;1;4;100;3;2;0;0
262;35.2;-6.07;1;5;125;4;2;1;3
263;16.3;-9.58;1;4;100;3;1;1;1
264;60.8;3.84;1;4;100;6;5;3;0
265;40.2;-2.87;1;5;125;5;3;2;2
266;34.4;-5.94;1;4;100;4;2;1;3
267;27.4;-0.22;1;4;100;4;4;0;2
268;47.4;-2.51;1;5;125;5;3;2;3
269;29.2;-0.45;1;5;125;6;4;1;0
270;50.1;3.41;1;5;125;7;5;2;3
271;22.7;-3.34;1;4;100;6;3;2;0
272;74.8;16.67;1;5;125;11;9;6;4
273;39.8;6.38;1;4;100;6;6;0;1
274;44.5;3.30;1;4;100;6;5;1;0
275;31.4;-3.10;1;4;100;4;3;0;0
276;113.2;29.30;1;8;190;17;13;3;6
277;39.7;3.30;1;4;100;6;5;1;1
278;42.3;-0.26;1;6;130;6;4;3;1
279;40.1;-5.49;1;6;130;5;2;2;1
280;21.5;-9.38;1;4;100;2;1;2;0
281;45.1;-2.48;1;4;100;4;3;2;3
282;39.4;-5.86;1;4;100;5;2;0;1
283;38.3;0.14;1;4;100;4;4;1;0
284;29.1;-5.78;1;4;100;4;2;1;2
285;22.1;-12.20;1;4;100;5;0;0;2
286;77.6;-2.02;1;6;150;7;3;7;1
287;47.5;3.60;1;4;100;7;5;0;4
288;116.2;17.49;1;5;125;11;9;2;2
289;28.1;-9.04;1;4;100;3;1;1;1
290;18.2;-9.44;1;4;100;2;1;0;1
291;33.3;5.92;1;4;100;6;6;0;0
292;84.9;23.28;1;4;100;14;11;4;9
293;31.0;-6.16;1;4;100;6;2;0;1
294;99.8;19.47;1;9;205;14;10;7;6
295;53.9;3.78;1;4;100;6;5;3;4
296;76.9;-1.42;1;5;125;5;3;3;3
297;39.6;6.16;1;4;100;6;6;0;1
298;50.9;3.14;1;6;130;6;5;1;1
299;68.1;9.44;1;6;150;9;7;6;1
300;40.3;0.38;1;4;100;5;4;2;2
301;29.3;-6.12;1;4;100;2;2;3;0
302;64.0;10.41;1;7;155;9;7;3;1
303;38.7;0.30;1;4;100;5;4;1;1
304;58.8;9.29;1;8;160;9;7;3;1
305;47.6;3.49;1;5;125;8;5;2;3
306;78.9;26.98;1;10;250;15;13;5;5
307;54.3;9.37;1;7;175;10;7;3;4
308;115.6;19.99;1;7;175;11;10;11;7
309;43.6;-0.65;1;7;175;6;4;4;0
310;59.1;0.27;1;7;155;8;4;5;3
311;90.2;7.59;1;7;160;7;6;7;2
312;44.1;0.20;1;4;100;5;4;0;0
313;72.8;10.02;1;6;130;8;7;6;4
314;31.0;0.08;1;4;100;4;4;2;2
315;84.1;4.43;1;5;125;6;5;4;4
316;15.5;-9.56;1;4;100;2;1;0;0
317;22.4;-9.34;1;4;100;3;1;0;1
318;12.7;-6.68;1;4;100;3;2;1;0
319;54.2;5.80;1;9;190;8;6;4;3
320;89.4;4.38;1;7;160;9;5;4;8
321;70.7;13.28;1;4;100;8;8;9;1
322;59.7;-5.28;1;4;100;3;2;4;4
323;48.9;6.88;1;7;155;8;6;4;2
324;51.2;0.43;1;5;125;5;4;6;1
325;35.4;0.42;1;4;100;7;4;1;3
326;46.8;6.60;1;4;100;7;6;5;1
327;37.3;0.26;1;4;100;5;4;1;2
328;42.2;2.80;1;6;130;6;5;3;1
329;35.0;-2.60;1;4;100;4;3;3;2
330;26.4;2.54;1;6;130;7;5;2;1
331;25.0;-9.28;1;4;100;2;1;2;1
332;16.8;-9.54;1;4;100;4;1;1;0
333;45.1;3.47;1;7;160;5;5;2;4
334;75.3;10.61;1;5;125;9;7;4;6
335;27.6;-9.18;1;4;100;2;1;1;1
336;42.2;-5.72;1;4;100;3;2;0;3
337;79.5;13.57;1;5;125;8;8;2;5
338;20.9;-3.42;1;4;100;4;3;0;1
339;116.8;14.08;1;8;190;12;8;5;7
340;46.4;0.02;1;6;150;6;4;4;1
341;120.1;31.89;0;7;175;14;10;6;8
342;33.1;3.29;1;6;130;6;5;1;0
343;76.1;10.40;1;6;150;10;7;6;6
344;31.6;-0.04;1;4;100;5;4;1;2
345;28.9;-0.12;1;4;100;5;4;1;0
346;38.8;-6.09;1;5;125;4;2;1;1
347;71.0;4.47;1;5;125;7;5;5;6
348;76.5;0.86;1;6;150;6;4;4;4
349;49.1;0.44;1;4;100;5;4;1;0
350;43.4;6.68;1;4;100;7;6;3;2
351;108.5;17.71;1;5;125;10;9;5;7
352;32.6;-6.02;1;4;100;3;2;0;0
353;26.6;-6.22;1;4;100;3;2;0;0
354;120.1;37.58;0;0;0;12;11;4;4
355;29.7;-3.10;1;4;100;3;3;0;0
356;16.1;-9.56;1;4;100;3;1;2;0
357;92.7;14.06;1;4;100;9;8;8;3
358;50.2;3.54;1;4;100;5;5;1;1
359;54.7;0.61;1;5;125;7;4;1;4
360;23.0;-3.32;1;4;100;4;3;1;1
361;36.3;6.00;1;6;130;7;6;2;2
362;25.8;2.72;1;4;100;6;5;0;0
363;20.3;-9.18;1;4;100;3;1;1;1
364;23.7;-3.28;1;4;100;4;3;2;0
365;58.5;3.48;1;6;130;8;5;2;2
366;21.4;-6.36;1;4;100;3;2;0;2
367;39.2;9.54;1;4;100;7;7;1;4
368;27.6;-0.16;1;4;100;5;4;1;1
369;52.7;6.51;1;6;150;8;6;4;3
370;21.1;-9.36;1;4;100;2;1;0;1
371;27.4;-3.04;1;4;100;5;3;1;2
372;91.6;23.30;1;4;100;11;11;6;7
373;69.5;19.84;1;4;100;12;10;2;5
374;26.6;-5.80;1;4;100;4;2;1;4
375;47.6;3.17;1;5;125;6;5;3;1
376;33.4;-11.98;1;4;100;2;0;2;1
377;64.3;21.90;1;6;130;12;11;2;6
378;34.4;6.30;1;4;100;8;6;1;2
379;74.3;16.73;1;5;125;11;9;3;5
380;34.9;-2.62;1;4;100;4;3;1;3
381;30.1;-6.16;1;4;100;3;2;0;0
382;31.8;-0.14;1;4;100;6;4;0;0
383;42.4;0.28;1;4;100;5;4;3;2
384;29.2;3.02;1;4;100;7;5;0;2
385;27.9;-3.22;1;4;100;5;3;2;0
386;93.2;17.30;1;4;100;13;9;1;4
387;41.2;0.02;1;6;130;6;4;1;2
388;75.7;9.68;1;7;160;7;7;3;3
389;39.4;3.34;1;4;100;6;5;1;2
390;45.5;3.56;1;4;100;6;5;2;3
391;44.6;-2.30;1;4;100;5;3;0;2
392;42.3;6.22;1;4;100;6;6;4;1
393;62.0;-1.90;1;4;100;4;3;6;3
394;91.5;7.67;1;5;125;9;6;5;3
395;26.1;-5.87;1;6;130;3;2;1;0
396;44.3;-2.62;1;4;100;4;3;1;2
397;30.1;2.82;1;4;100;6;5;0;1
398;39.7;3.36;1;4;100;7;5;2;3
399;38.0;2.97;1;5;125;9;5;2;2
400;38.1;0.30;1;4;100;5;4;3;2
401;35.6;-2.96;1;4;100;4;3;1;1
402;51.7;6.00;1;6;150;6;6;3;1
403;54.9;3.62;1;5;125;6;5;2;0
404;35.4;2.60;1;6;130;6;5;1;0
405;27.8;-3.18;1;4;100;4;3;1;0
406;74.4;22.34;1;6;130;12;11;1;3
407;30.1;-0.28;1;4;100;5;4;0;0
408;40.4;6.36;1;4;100;6;6;1;1
409;106.0;23.81;1;5;125;12;11;4;4
410;47.2;0.38;1;4;100;5;4;1;0
411;55.4;12.02;1;7;160;9;8;2;1
412;58.2;12.48;1;6;130;10;8;1;2
413;80.3;29.60;1;4;100;15;13;5;8
414;45.6;0.54;1;4;100;7;4;3;3
415;34.9;-5.96;1;4;100;4;2;2;2
416;68.2;13.24;1;4;100;9;8;5;2
417;31.7;-2.84;1;4;100;3;3;1;4
418;70.4;13.45;1;5;125;12;8;7;3
419;43.3;3.64;1;4;100;5;5;1;4
420;37.2;-2.74;1;4;100;5;3;1;4
421;34.9;3.00;1;4;100;6;5;4;0
422;18.6;-9.26;1;4;100;3;1;1;2
423;39.1;-3.13;1;5;125;4;3;3;2
424;57.5;12.84;1;6;130;10;8;2;3
425;30.8;0.04;1;4;100;7;4;1;2
426;34.3;0.00;1;4;100;5;4;1;1
427;24.3;-3.34;1;4;100;6;3;0;0
428;62.3;4.10;1;4;100;5;5;4;1
429;42.7;6.24;1;4;100;6;6;0;2
430;65.4;6.91;1;5;125;8;6;1;1
431;20.9;-6.38;1;4;100;3;2;0;0
432;47.0;6.34;1;6;130;8;6;2;3
433;54.2;3.93;1;5;125;8;5;3;5
434;41.3;3.20;1;4;100;5;5;0;2
435;33.9;-2.64;1;4;100;6;3;0;4
436;19.9;-0.46;1;4;100;5;4;0;1
437;36.9;-3.29;1;5;125;5;3;2;2
438;30.3;-3.28;1;4;100;4;3;1;2
439;74.4;22.04;1;6;150;12;11;3;3
440;47.3;12.33;1;5;125;9;8;6;1
441;32.2;2.94;1;5;125;6;5;2;2
442;40.4;-3.62;1;7;160;6;3;2;1
443;36.5;0.30;1;4;100;5;4;2;3
444;97.4;19.95;1;7;175;14;10;5;8
445;35.7;0.20;1;4;100;6;4;0;1
446;36.6;-2.90;1;4;100;3;3;3;1
447;32.2;-3.04;1;4;100;4;3;1;2
448;42.4;8.60;1;7;160;8;7;2;4
449;71.1;25.61;1;5;125;13;12;5;6
450;30.4;-0.16;1;4;100;5;4;2;1
451;30.7;-3.23;1;5;125;5;3;3;1
452;30.4;3.06;1;4;100;6;5;2;2
453;85.2;19.60;1;6;150;13;10;7;4
454;34.3;0.18;1;4;100;6;4;4;1
455;37.3;3.06;1;4;100;5;5;4;0
456;35.5;-8.80;1;4;100;3;1;1;2
457;46.6;3.11;1;5;125;6;5;3;2
458;59.1;16.58;1;4;100;10;9;3;6
459;36.4;6.22;1;4;100;7;6;1;3
460;35.1;0.02;1;4;100;6;4;3;0
461;52.8;5.64;1;8;200;9;6;4;3
462;25.9;-3.06;1;4;100;4;3;1;2
463;17.6;-9.54;1;4;100;2;1;1;1
464;27.5;-2.85;1;6;130;6;3;3;0
465;59.4;-1.96;1;4;100;4;3;0;3
466;31.2;-0.48;1;6;150;7;4;3;1
467;67.1;3.54;1;6;150;6;5;5;1
468;70.6;13.10;1;6;150;12;8;6;4
469;59.6;9.46;1;6;130;10;7;3;2
470;46.1;8.72;1;7;160;9;7;3;2
471;72.8;4.62;1;4;100;7;5;6;3
472;110.5;2.92;1;4;100;6;4;4;10
473;38.7;-2.93;1;5;125;5;3;3;2
474;25.3;-3.08;1;4;100;4;3;1;1
475;86.5;14.12;1;4;100;8;8;4;9
476;85.8;20.05;1;7;155;15;10;3;9
477;30.6;2.97;1;5;125;8;5;1;2
478;32.6;2.96;1;4;100;7;5;1;2
479;85.3;19.04;1;9;220;15;10;4;9
480;58.1;7.03;1;7;160;9;6;4;3
481;40.5;0.56;1;4;100;5;4;2;2
482;38.2;9.19;1;7;160;8;7;4;1
483;99.4;14.12;1;6;130;11;8;4;7
484;46.7;0.54;1;4;100;5;4;0;1
485;99.6;34.72;1;8;180;18;15;5;4
486;43.9;6.68;1;4;100;8;6;1;2
487;51.3;3.10;1;6;130;6;5;3;1
488;31.8;-6.16;1;4;100;4;2;2;2
489;54.4;-2.73;1;5;125;6;3;2;3
490;38.2;6.37;1;5;125;9;6;1;4
491;51.4;12.65;1;5;125;9;8;3;5
492;25.8;-6.78;1;6;150;5;2;2;1
493;33.6;3.27;1;6;130;6;5;1;1
494;54.1;12.50;1;6;130;11;8;3;3
495;57.8;6.84;1;4;100;7;6;5;2
496;41.3;0.02;1;4;100;6;4;1;2
497;76.9;16.15;1;7;155;9;9;3;6
498;36.8;-2.96;1;4;100;5;3;2;3
499;21.8;-0.42;1;4;100;6;4;1;0
500;52.9;10.10;1;5;125;9;7;4;4
501;26.5;-9.24;1;4;100;3;1;1;2
502;78.5;6.86;1;7;160;8;6;5;4
503;28.5;0.00;1;4;100;5;4;1;1
504;40.0;6.36;1;4;100;7;6;0;2
505;46.0;12.70;1;4;100;10;8;0;4
506;51.2;6.92;1;4;100;7;6;3;6
507;57.1;3.48;1;6;130;7;5;5;3
508;48.1;11.81;1;7;175;10;8;3;2
509;45.8;3.36;1;4;100;6;5;2;4
510;33.2;-0.02;1;4;100;6;4;0;1
511;33.4;-6.02;1;4;100;4;2;0;2
512;47.4;7.00;1;4;100;8;6;0;5
513;44.5;0.48;1;4;100;5;4;2;3
514;39.1;6.65;1;6;130;9;6;2;3
515;59.4;10.27;1;5;125;8;7;2;6
516;28.0;-0.22;1;5;125;6;4;2;0
517;99.9;20.15;1;7;175;14;10;8;8
518;75.9;1.48;1;4;100;5;4;5;2
519;43.7;9.00;1;6;130;9;7;2;2
520;26.7;-9.22;1;4;100;3;1;0;0
521;53.7;13.12;1;4;100;10;8;3;4
522;56.2;5.74;1;8;180;7;6;5;2
523;64.2;12.76;1;6;150;9;8;6;2
524;22.9;-0.61;1;5;125;6;4;1;0
525;39.5;0.52;1;4;100;6;4;1;5
526;43.4;3.28;1;4;100;5;5;5;1
527;48.9;3.67;1;5;125;7;5;2;4
528;59.2;9.72;1;6;130;8;7;3;4
529;31.2;-2.96;1;4;100;4;3;1;3
530;37.3;6.28;1;4;100;8;6;2;2
531;68.9;22.04;1;9;205;13;11;6;4
532;58.3;16.26;1;4;100;11;9;1;6
533;41.9;0.15;1;5;125;6;4;3;3
534;113.8;47.01;1;9;215;21;19;5;10
535;35.3;-2.76;1;4;100;5;3;2;3
536;32.0;-2.90;1;4;100;5;3;0;3
537;101.2;31.94;1;8;180;18;14;6;6
538;30.9;0.08;1;4;100;7;4;3;1
539;27.6;-3.20;1;4;100;6;3;0;1
540;59.7;6.91;1;5;125;8;6;2;3
541;65.7;13.12;1;6;130;11;8;4;3
542;39.2;6.50;1;4;100;7;6;0;3
543;54.7;19.13;1;5;125;13;10;3;4
544;63.0;18.67;1;8;180;11;10;5;3
545;40.4;0.36;1;4;100;5;4;3;2
546;17.1;-6.50;1;4;100;3;2;1;0
547;40.5;3.20;1;4;100;6;5;3;0
548;22.2;-9.36;1;4;100;3;1;0;0
549;54.2;8.94;1;7;160;9;7;5;1
550;46.0;0.52;1;4;100;4;4;4;2
551;39.3;2.63;1;8;160;7;5;2;3
552;41.8;-2.87;1;5;125;6;3;2;1
553;45.9;-2.42;1;4;100;4;3;3;5
554;66.3;22.02;1;6;130;14;11;2;4
555;43.1;6.02;1;6;130;7;6;1;2
556;47.8;3.46;1;4;100;6;5;2;1
557;71.4;22.64;1;6;130;14;11;4;5
558;27.9;-6.24;1;4;100;3;2;2;2
559;75.0;22.41;1;5;125;12;11;3;7
560;38.9;5.88;1;6;130;8;6;1;3
561;40.4;3.38;1;4;100;6;5;0;5
562;54.9;-5.72;1;6;150;4;2;5;4
563;64.8;15.94;1;7;175;12;9;4;3
564;50.0;11.78;1;7;160;9;8;4;1
565;78.5;22.36;1;8;180;13;11;5;7
566;67.6;15.77;1;7;175;12;9;6;4
567;25.1;-6.32;1;4;100;4;2;1;1
568;18.6;-6.48;1;4;100;4;2;0;0
569;30.1;-6.14;1;4;100;3;2;0;1
570;66.4;19.00;1;6;150;11;10;3;4
571;42.3;3.17;1;5;125;8;5;2;2
572;45.1;6.74;1;4;100;7;6;2;3
573;59.6;12.78;1;6;130;9;8;4;2
574;77.2;25.66;1;6;130;16;12;4;4
575;48.1;0.17;1;5;125;6;4;5;2
576;33.7;5.93;1;5;125;7;6;2;1
577;55.8;9.21;1;7;155;8;7;3;1
578;34.1;5.75;1;5;125;6;6;1;0
579;31.9;-0.04;1;4;100;5;4;1;0
580;31.4;-8.82;1;4;100;2;1;1;2
581;35.9;-2.88;1;4;100;4;3;1;0
582;41.5;3.48;1;4;100;7;5;0;1
583;63.2;6.66;1;6;130;8;6;6;3
584;51.4;9.70;1;4;100;7;7;2;3
585;39.1;0.18;1;4;100;6;4;0;0
586;20.5;-12.38;1;4;100;3;0;0;0
587;29.6;-3.14;1;4;100;4;3;0;0
588;48.6;-2.14;1;4;100;5;3;0;4
589;20.3;-6.38;1;4;100;4;2;1;1
590;70.6;25.74;1;6;150;16;12;4;6
591;51.2;6.67;1;5;125;7;6;3;4
592;76.3;6.73;1;7;175;12;6;5;3
593;29.7;-9.12;1;4;100;3;1;2;1
594;51.9;11.44;1;9;220;10;8;4;4
595;45.0;-5.60;1;4;100;5;2;2;1
596;41.1;0.24;1;4;100;6;4;0;0
597;27.5;-6.20;1;4;100;4;2;1;1
598;28.0;-9.14;1;4;100;3;1;0;1
599;12.0;-9.68;1;4;100;2;1;0;0
600;15.5;-9.56;1;4;100;3;1;1;0
601;25.7;-5.89;1;6;130;5;2;3;0
602;32.8;0.16;1;4;100;6;4;1;3
603;55.3;9.80;1;4;100;7;7;6;2
604;51.9;9.50;1;6;130;9;7;2;3
605;55.8;9.61;1;5;125;9;7;4;2
606;13.5;-9.62;1;4;100;3;1;1;0
607;40.3;-5.74;1;4;100;3;2;3;2
608;26.8;-6.20;1;4;100;4;2;0;0
609;34.5;3.60;1;4;100;6;5;2;3
610;53.0;3.93;1;5;125;9;5;3;4
611;22.5;-6.34;1;4;100;3;2;1;1
612;45.5;0.64;1;4;100;6;4;4;2
613;109.6;23.28;1;8;190;16;11;3;7
614;34.3;0.00;1;4;100;6;4;0;0
615;53.9;11.98;1;7;160;9;8;2;2
616;66.6;15.59;1;7;175;12;9;4;3
617;58.8;3.28;1;6;150;6;5;6;0
618;31.2;3.06;1;4;100;6;5;0;2
619;40.7;0.17;1;5;125;6;4;3;3
620;40.6;-0.30;1;7;175;6;4;5;0
621;26.0;-6.22;1;4;100;4;2;1;1
622;21.2;-6.40;1;4;100;3;2;0;0
623;32.4;3.14;1;4;100;7;5;3;1
624;52.4;15.70;1;6;130;12;9;2;4
625;37.8;0.32;1;4;100;4;4;3;3
626;24.1;-6.28;1;4;100;3;2;2;0
627;104.2;26.58;1;6;150;15;12;4;9
628;94.5;21.82;1;10;240;18;11;7;8
629;17.1;-9.34;1;4;100;4;1;0;2
630;104.6;31.53;1;9;225;17;14;8;7
631;34.4;-3.22;1;6;130;6;3;1;3
632;17.4;-3.50;1;4;100;5;3;0;1
633;15.4;-6.56;1;4;100;3;2;1;0
634;25.7;-3.22;1;4;100;3;3;1;2
635;52.6;15.42;1;6;150;9;9;4;4
636;37.4;3.10;1;4;100;6;5;1;0
637;40.0;0.38;1;4;100;6;4;3;3
638;39.0;-2.82;1;4;100;5;3;0;1
639;23.0;-6.32;1;4;100;3;2;0;1
640;31.7;-2.86;1;4;100;4;3;0;2
641;60.1;4.18;1;4;100;8;5;5;4
642;25.6;-9.20;1;4;100;2;1;2;2
643;37.5;0.32;1;4;100;5;4;3;2
644;43.9;3.54;1;7;155;9;5;3;2
645;41.3;3.40;1;4;100;8;5;4;1
646;47.6;6.80;1;4;100;7;6;1;6
647;51.6;15.96;1;4;100;9;9;5;2
648;54.3;3.83;1;5;125;6;5;4;5
649;81.7;22.33;1;7;155;12;11;5;5
650;67.1;19.98;1;4;100;12;10;3;8
651;35.8;0.28;1;4;100;5;4;1;3
652;51.8;6.36;1;6;150;10;6;4;2
653;43.0;6.50;1;4;100;7;6;2;4
654;28.1;-0.16;1;4;100;6;4;1;2
655;42.8;3.50;1;4;100;5;5;2;1
656;76.0;19.97;1;7;160;13;10;3;5
657;39.5;0.11;1;5;125;5;4;2;3
658;28.0;-0.16;1;4;100;4;4;3;0
659;38.6;-2.82;1;4;100;5;3;2;0
660;50.5;12.41;1;5;125;9;8;1;2
661;38.8;3.32;1;4;100;7;5;2;1
662;24.9;-3.10;1;4;100;5;3;0;1
663;29.7;-3.12;1;4;100;4;3;0;0
664;53.0;9.76;1;4;100;8;7;0;2
665;58.9;15.82;1;6;150;12;9;3;3
666;38.4;3.36;1;4;100;8;5;2;3
667;87.4;20.21;1;5;125;10;10;8;7
668;66.7;10.49;1;6;130;9;7;6;3
669;14.9;-6.58;1;4;100;4;2;0;1
670;21.3;-3.40;1;4;100;5;3;1;0
671;66.5;15.86;1;6;150;12;9;3;3
672;61.7;9.99;1;7;160;7;7;6;3
673;55.3;9.59;1;5;125;9;7;4;3
674;33.8;-2.82;1;4;100;6;3;2;1
675;30.1;0.08;1;4;100;5;4;2;2
676;29.1;0.04;1;4;100;6;4;1;2
677;43.6;3.70;1;4;100;7;5;3;3
678;67.0;19.08;1;6;150;13;10;6;4
679;27.9;-3.20;1;4;100;6;3;2;0
680;42.8;0.50;1;4;100;6;4;3;2
681;28.4;-3.16;1;4;100;4;3;1;2
682;48.9;12.88;1;4;100;10;8;2;2
683;39.9;3.22;1;4;100;6;5;3;2
684;43.1;6.70;1;4;100;7;6;0;6
685;32.7;-3.24;1;6;130;6;3;2;1
686;62.8;12.70;1;6;150;10;8;3;3
687;46.9;-2.56;1;4;100;5;3;4;2
688;47.6;7.04;1;4;100;7;6;0;6
689;36.4;-2.90;1;4;100;4;3;2;2
690;47.5;0.17;1;5;125;6;4;3;0
691;27.4;-3.20;1;4;100;5;3;0;0
692;53.3;4.39;1;6;130;8;5;1;4
693;23.9;-6.30;1;4;100;5;2;0;0
694;47.2;3.96;1;4;100;6;5;1;5
695;25.7;-6.06;1;4;100;4;2;1;2
696;47.8;3.68;1;4;100;5;5;4;3
697;84.0;1.31;1;5;125;6;4;7;5
698;33.4;-2.60;1;4;100;5;3;1;2
699;71.5;15.97;1;7;175;10;9;6;4
700;33.4;0.00;1;4;100;6;4;0;1
701;30.8;-5.92;1;4;100;5;2;2;1
702;76.5;23.17;1;5;125;15;11;3;8
703;37.2;3.05;1;5;125;6;5;4;1
704;120.6;48.78;0;2;50;17;15;6;13
705;75.2;5.89;1;9;225;9;6;6;2
706;76.8;16.56;1;6;150;10;9;4;8
707;21.0;-9.36;1;4;100;3;1;2;0
708;64.1;15.80;1;6;150;12;9;6;2
709;49.8;3.68;1;4;100;7;5;2;4
710;22.8;-3.40;1;5;125;5;3;1;0
711;32.0;-6.09;1;5;125;4;2;2;3
712;67.0;16.87;1;6;130;11;9;6;5
713;39.9;3.33;1;5;125;8;5;4;2
714;28.2;3.00;1;4;100;7;5;1;1
715;77.6;25.48;1;7;160;15;12;4;7
716;86.7;35.02;1;6;150;16;15;7;5
717;59.6;21.96;1;6;130;12;11;4;4
718;53.5;6.81;1;5;125;7;6;2;6
719;28.1;-6.16;1;4;100;5;2;2;1
720;39.9;0.42;1;4;100;5;4;4;2
721;52.8;18.64;1;6;150;13;10;4;3
722;61.1;12.78;1;6;130;12;8;2;5
723;49.3;3.79;1;5;125;7;5;3;5
724;33.1;-3.02;1;4;100;5;3;3;1
725;85.4;25.91;1;7;175;17;12;7;8
726;63.0;-2.71;1;7;175;5;3;7;4
727;71.5;13.22;1;6;130;10;8;3;7
728;36.4;-2.96;1;4;100;5;3;0;0
729;55.0;6.42;1;6;130;10;6;1;2
730;45.7;13.00;1;4;100;9;8;1;4
731;20.0;-3.32;1;4;100;4;3;2;0
732;56.8;10.25;1;5;125;10;7;5;4
733;36.0;-8.20;1;4;100;5;1;3;4
734;28.1;-5.90;1;4;100;3;2;2;3
735;54.1;12.94;1;6;130;10;8;2;5
736;57.9;16.48;1;4;100;10;9;7;3
737;118.9;28.26;1;10;250;15;12;12;8
738;46.6;5.71;1;8;185;8;6;5;2
739;52.2;4.16;1;4;100;7;5;2;3
740;42.4;1.19;1;6;130;7;4;1;5
741;36.9;-2.74;1;4;100;4;3;0;3
742;29.1;-12.04;1;4;100;3;0;1;2
743;38.2;3.26;1;4;100;6;5;4;1
744;63.6;25.83;1;5;125;16;12;3;8
745;60.2;16.40;1;6;150;13;9;6;5
746;27.4;0.30;1;4;100;5;4;1;3
747;20.5;-9.10;1;4;100;3;1;1;2
748;51.4;6.85;1;5;125;8;6;5;3
749;41.5;6.28;1;6;150;9;6;3;3
750;23.3;-2.82;1;5;125;6;3;2;2
751;38.7;-0.12;1;6;130;6;4;4;1
752;38.5;0.26;1;6;130;8;4;2;2
753;68.9;10.11;1;5;125;10;7;7;2
754;53.0;13.07;1;5;125;9;8;3;5
755;28.3;-0.11;1;5;125;5;4;1;3
756;36.9;3.44;1;5;125;5;5;5;2
757;28.0;-0.04;1;4;100;6;4;1;1
758;41.3;6.20;1;6;130;8;6;4;1
759;18.7;-12.38;1;4;100;2;0;0;0
760;27.9;-6.06;1;4;100;5;2;0;0
761;18.2;-9.38;1;4;100;3;1;1;0
762;89.0;23.38;1;4;100;12;11;4;2
763;37.5;3.66;1;4;100;6;5;2;3
764;55.5;12.88;1;6;130;8;8;6;4
765;31.3;-2.74;1;4;100;4;3;2;3
766;24.2;-9.00;1;4;100;3;1;3;1
767;53.4;18.68;1;7;175;12;10;5;3
768;46.6;9.98;1;4;100;8;7;2;6
769;73.2;-1.12;1;4;100;6;3;4;7
770;80.3;26.66;1;4;100;14;12;9;6
771;38.7;-2.28;1;4;100;6;3;1;5
772;23.1;-6.02;1;4;100;3;2;1;3
773;37.2;-2.68;1;4;100;3;3;2;4
774;15.8;-12.46;1;4;100;3;0;0;0
775;40.6;6.31;1;5;125;8;6;2;1
776;23.6;-0.20;1;5;125;6;4;1;0
777;80.1;20.40;1;6;150;11;10;6;6
778;45.6;13.11;1;5;125;9;8;4;4
779;80.5;34.70;1;8;190;19;15;4;9
780;73.0;32.16;1;6;150;16;14;5;8
781;57.5;6.37;1;7;175;8;6;5;4
782;36.4;6.64;1;4;100;7;6;2;3
783;66.0;19.07;1;7;175;13;10;4;6
784;50.7;6.33;1;7;175;11;6;6;2
785;47.1;4.53;1;6;130;7;5;6;3
786;43.8;6.43;1;5;125;8;6;4;3
787;39.7;-2.50;1;5;125;5;3;5;2
788;45.6;-3.32;1;7;160;5;3;3;3
789;56.9;15.86;1;6;150;11;9;3;3
790;40.2;6.04;1;6;150;8;6;2;1
791;47.6;6.82;1;4;100;7;6;0;1
792;63.8;4.24;1;6;150;8;5;5;5
793;34.4;0.56;1;4;100;5;4;3;3
794;18.8;-6.36;1;4;100;3;2;0;2
795;75.8;31.62;1;7;160;18;14;2;8
796;34.3;-2.84;1;4;100;5;3;3;1
797;65.1;19.78;1;4;100;11;10;8;3
798;65.1;9.79;1;7;175;10;7;6;3
799;36.3;-8.60;1;4;100;2;1;4;3
800;12.2;-9.58;1;4;100;3;1;0;1
